CVID,Horas,Uso
1000,6,CST
1001,6,CST
1002,6,CST
1003,6,CST
1004,6,CST
1005,6,CST
1006,6,CST
1007,6,CST
1008,6,CST
1009,6,CST
1010,6,CST
1011,6,CST
2000,8,PST
2001,8,PST
2002,8,PST
2003,8,PST
2004,8,PST
2005,8,PST
2020,8,PST
3000,8,PST
3001,8,PST
3002,8,PST
3003,8,PST
3008,8,PST
3009,8,PST
4000,6,CST
4001,6,CST
4002,6,CST
4003,6,CST
4004,6,CST
4005,6,CST
4006,6,CST
4007,6,CST
4008,6,CST
4009,6,CST
4010,6,CST
4011,6,CST
5000,6,CST
5001,6,CST
5002,6,CST
5003,6,CST
5004,6,CST
5005,6,CST
5006,6,CST
5007,6,CST
5008,6,CST
5009,6,CST
5010,6,CST
5011,6,CST
5012,6,CST
5013,6,CST
5014,6,CST
5015,6,CST
5016,6,CST
5017,6,CST
5018,6,CST
5019,6,CST
5020,6,CST
5021,6,CST
5022,6,CST
5023,6,CST
5024,6,CST
5025,6,CST
5026,6,CST
5027,6,CST
5028,6,CST
5029,6,CST
5030,6,CST
5031,6,CST
5032,6,CST
5033,6,CST
5034,6,CST
5035,6,CST
5036,6,CST
5037,6,CST
5038,6,CST
6000,6,CST
6001,6,CST
6002,6,CST
6003,6,CST
6004,6,CST
6005,6,CST
6006,6,CST
6007,6,CST
6008,6,CST
6009,6,CST
6010,6,CST
7000,6,CST
7001,6,CST
7002,6,CST
7003,6,CST
7004,6,CST
7005,6,CST
7006,6,CST
7007,6,CST
7008,6,CST
7009,6,CST
7010,6,CST
7011,6,CST
7012,6,CST
7013,6,CST
7014,6,CST
7015,6,CST
7016,6,CST
7017,6,CST
7018,6,CST
7019,6,CST
7020,6,CST
7021,6,CST
7022,6,CST
7023,6,CST
7024,6,CST
7025,6,CST
7026,6,CST
7027,6,CST
7028,6,CST
7029,6,CST
7030,6,CST
7031,6,CST
7032,6,CST
7033,6,CST
7034,6,CST
7035,6,CST
7036,6,CST
7037,6,CST
7038,6,CST
7039,6,CST
7040,6,CST
7041,6,CST
7042,6,CST
7043,6,CST
7044,6,CST
7045,6,CST
7046,6,CST
7047,6,CST
7048,6,CST
7049,6,CST
7050,6,CST
7051,6,CST
7052,6,CST
7053,6,CST
7054,6,CST
7055,6,CST
7056,6,CST
7057,6,CST
7058,6,CST
7059,6,CST
7060,6,CST
7061,6,CST
7062,6,CST
7063,6,CST
7064,6,CST
7065,6,CST
7066,6,CST
7067,6,CST
7068,6,CST
7069,6,CST
7070,6,CST
7071,6,CST
7072,6,CST
7073,6,CST
7074,6,CST
7075,6,CST
7076,6,CST
7077,6,CST
7078,6,CST
7079,6,CST
7080,6,CST
7081,6,CST
7082,6,CST
7083,6,CST
7084,6,CST
7085,6,CST
7086,6,CST
7087,6,CST
7088,6,CST
7089,6,CST
7090,6,CST
7091,6,CST
7092,6,CST
7093,6,CST
7094,6,CST
7096,6,CST
7097,6,CST
7098,6,CST
7099,6,CST
7100,6,CST
7101,6,CST
7102,6,CST
7103,6,CST
7104,6,CST
7105,6,CST
7106,6,CST
7107,6,CST
7108,6,CST
7109,6,CST
7110,6,CST
7111,6,CST
7112,6,CST
7113,6,CST
7114,6,CST
7115,6,CST
7116,6,CST
7117,6,CST
7118,6,CST
7119,6,CST
8000,7,MST
8001,7,MST
8002,7,MST
8003,7,MST
8004,7,MST
8005,7,MST
8006,7,MST
8007,7,MST
8008,7,MST
8009,7,MST
8010,7,MST
8011,7,MST
8012,7,MST
8013,7,MST
8014,7,MST
8015,7,MST
8016,7,MST
8017,7,MST
8018,7,MST
8019,7,MST
8020,7,MST
8021,7,MST
8022,7,MST
8023,7,MST
8024,7,MST
8025,7,MST
8026,7,MST
8027,7,MST
8028,7,MST
8029,7,MST
8030,7,MST
8031,7,MST
8032,7,MST
8033,7,MST
8034,7,MST
8035,7,MST
8036,7,MST
8037,7,MST
8038,7,MST
8039,7,MST
8040,7,MST
8041,7,MST
8042,7,MST
8043,7,MST
8044,7,MST
8045,7,MST
8046,7,MST
8047,7,MST
8048,7,MST
8049,7,MST
8050,7,MST
8051,7,MST
8052,7,MST
8053,7,MST
8054,7,MST
8055,7,MST
8056,7,MST
8057,7,MST
8058,7,MST
8059,7,MST
8060,7,MST
8061,7,MST
8062,7,MST
8063,7,MST
8064,7,MST
8065,7,MST
8066,7,MST
8067,7,MST
9000,6,CST
9002,6,CST
9003,6,CST
9004,6,CST
9005,6,CST
9006,6,CST
9007,6,CST
9008,6,CST
9009,6,CST
9010,6,CST
9011,6,CST
9012,6,CST
9013,6,CST
9014,6,CST
9015,6,CST
9016,6,CST
9017,6,CST
10000,6,CST
10001,6,CST
10002,6,CST
10003,6,CST
10004,6,CST
10005,6,CST
10006,6,CST
10007,6,CST
10008,6,CST
10009,6,CST
10010,6,CST
10011,6,CST
10012,6,CST
10013,6,CST
10014,6,CST
10015,6,CST
10016,6,CST
10017,6,CST
10018,6,CST
10019,6,CST
10020,6,CST
10021,6,CST
10022,6,CST
10023,6,CST
10024,6,CST
10025,6,CST
10026,6,CST
10027,6,CST
10028,6,CST
10029,6,CST
10030,6,CST
10031,6,CST
10032,6,CST
10033,6,CST
10034,6,CST
10035,6,CST
10036,6,CST
10037,6,CST
10038,6,CST
10039,6,CST
11000,6,CST
11001,6,CST
11002,6,CST
11003,6,CST
11004,6,CST
11005,6,CST
11006,6,CST
11007,6,CST
11008,6,CST
11009,6,CST
11010,6,CST
11011,6,CST
11012,6,CST
11013,6,CST
11014,6,CST
11015,6,CST
11016,6,CST
11017,6,CST
11018,6,CST
11019,6,CST
11020,6,CST
11021,6,CST
11022,6,CST
11023,6,CST
11024,6,CST
11025,6,CST
11026,6,CST
11027,6,CST
11028,6,CST
11029,6,CST
11030,6,CST
11031,6,CST
11032,6,CST
11033,6,CST
11034,6,CST
11035,6,CST
11036,6,CST
11037,6,CST
11038,6,CST
11039,6,CST
11040,6,CST
11041,6,CST
11042,6,CST
11043,6,CST
11044,6,CST
11045,6,CST
11046,6,CST
12000,6,CST
12001,6,CST
12002,6,CST
12003,6,CST
12004,6,CST
12005,6,CST
12006,6,CST
12007,6,CST
12008,6,CST
12009,6,CST
12010,6,CST
12011,6,CST
12012,6,CST
12013,6,CST
12014,6,CST
12015,6,CST
12016,6,CST
12017,6,CST
12018,6,CST
12019,6,CST
12020,6,CST
12021,6,CST
12022,6,CST
12023,6,CST
12024,6,CST
12025,6,CST
12026,6,CST
12027,6,CST
12028,6,CST
12029,6,CST
12030,6,CST
12031,6,CST
12032,6,CST
12033,6,CST
12034,6,CST
12035,6,CST
12036,6,CST
12037,6,CST
12038,6,CST
12039,6,CST
12040,6,CST
12041,6,CST
12042,6,CST
12043,6,CST
12044,6,CST
12045,6,CST
12046,6,CST
12047,6,CST
12048,6,CST
12049,6,CST
12050,6,CST
12051,6,CST
12052,6,CST
12053,6,CST
12054,6,CST
12055,6,CST
12056,6,CST
12057,6,CST
12058,6,CST
12059,6,CST
12060,6,CST
12061,6,CST
12062,6,CST
12063,6,CST
12064,6,CST
12065,6,CST
12066,6,CST
12067,6,CST
12068,6,CST
12069,6,CST
12070,6,CST
12071,6,CST
12072,6,CST
12073,6,CST
12074,6,CST
12075,6,CST
12076,6,CST
12077,6,CST
12078,6,CST
12079,6,CST
12080,6,CST
12081,6,CST
13000,6,CST
13001,6,CST
13002,6,CST
13003,6,CST
13004,6,CST
13005,6,CST
13006,6,CST
13007,6,CST
13008,6,CST
13009,6,CST
13010,6,CST
13011,6,CST
13012,6,CST
13013,6,CST
13014,6,CST
13015,6,CST
13016,6,CST
13017,6,CST
13018,6,CST
13019,6,CST
13020,6,CST
13021,6,CST
13022,6,CST
13023,6,CST
13024,6,CST
13025,6,CST
13026,6,CST
13027,6,CST
13028,6,CST
13029,6,CST
13030,6,CST
13031,6,CST
13032,6,CST
13033,6,CST
13034,6,CST
13035,6,CST
13036,6,CST
13037,6,CST
13038,6,CST
13039,6,CST
13040,6,CST
13041,6,CST
13042,6,CST
13043,6,CST
13044,6,CST
13045,6,CST
13046,6,CST
13047,6,CST
13048,6,CST
13049,6,CST
13050,6,CST
13051,6,CST
13052,6,CST
13053,6,CST
13054,6,CST
13055,6,CST
13056,6,CST
13057,6,CST
13058,6,CST
13059,6,CST
13060,6,CST
13061,6,CST
13062,6,CST
13063,6,CST
13064,6,CST
13065,6,CST
13066,6,CST
13067,6,CST
13068,6,CST
13069,6,CST
13070,6,CST
13071,6,CST
13072,6,CST
13073,6,CST
13074,6,CST
13075,6,CST
13076,6,CST
13077,6,CST
13078,6,CST
13079,6,CST
13080,6,CST
13081,6,CST
13082,6,CST
13083,6,CST
13084,6,CST
14000,6,CST
14001,6,CST
14002,6,CST
14003,6,CST
14004,6,CST
14005,6,CST
14006,6,CST
14007,6,CST
14008,6,CST
14009,6,CST
14010,6,CST
14011,6,CST
14012,6,CST
14013,6,CST
14014,6,CST
14015,6,CST
14016,6,CST
14017,6,CST
14018,6,CST
14019,6,CST
14020,6,CST
14021,6,CST
14022,6,CST
14023,6,CST
14024,6,CST
14025,6,CST
14026,6,CST
14027,6,CST
14028,6,CST
14029,6,CST
14030,6,CST
14031,6,CST
14032,6,CST
14033,6,CST
14034,6,CST
14035,6,CST
14036,6,CST
14037,6,CST
14038,6,CST
14039,6,CST
14040,6,CST
14041,6,CST
14042,6,CST
14043,6,CST
14044,6,CST
14045,6,CST
14046,6,CST
14047,6,CST
14048,6,CST
14049,6,CST
14050,6,CST
14051,6,CST
14052,6,CST
14053,6,CST
14054,6,CST
14055,6,CST
14056,6,CST
14057,6,CST
14058,6,CST
14059,6,CST
14060,6,CST
14061,6,CST
14062,6,CST
14063,6,CST
14064,6,CST
14065,6,CST
14066,6,CST
14067,6,CST
14068,6,CST
14069,6,CST
14070,6,CST
14071,6,CST
14072,6,CST
14073,6,CST
14074,6,CST
14075,6,CST
14076,6,CST
14077,6,CST
14078,6,CST
14079,6,CST
14080,6,CST
14081,6,CST
14082,6,CST
14083,6,CST
14084,6,CST
14085,6,CST
14086,6,CST
14087,6,CST
14088,6,CST
14089,6,CST
14090,6,CST
14091,6,CST
14092,6,CST
14093,6,CST
14094,6,CST
14095,6,CST
14096,6,CST
14097,6,CST
14098,6,CST
14099,6,CST
14100,6,CST
14101,6,CST
14102,6,CST
14103,6,CST
14104,6,CST
14105,6,CST
14106,6,CST
14107,6,CST
14108,6,CST
14109,6,CST
14110,6,CST
14111,6,CST
14112,6,CST
14113,6,CST
14114,6,CST
14115,6,CST
14116,6,CST
14117,6,CST
14118,6,CST
14119,6,CST
14120,6,CST
14121,6,CST
14122,6,CST
14123,6,CST
14124,6,CST
14125,6,CST
15000,6,CST
15001,6,CST
15002,6,CST
15003,6,CST
15004,6,CST
15005,6,CST
15006,6,CST
15007,6,CST
15008,6,CST
15009,6,CST
15010,6,CST
15011,6,CST
15012,6,CST
15013,6,CST
15014,6,CST
15015,6,CST
15016,6,CST
15017,6,CST
15018,6,CST
15019,6,CST
15020,6,CST
15021,6,CST
15022,6,CST
15023,6,CST
15024,6,CST
15025,6,CST
15026,6,CST
15027,6,CST
15028,6,CST
15029,6,CST
15030,6,CST
15031,6,CST
15032,6,CST
15033,6,CST
15034,6,CST
15035,6,CST
15036,6,CST
15037,6,CST
15038,6,CST
15039,6,CST
15040,6,CST
15041,6,CST
15042,6,CST
15043,6,CST
15044,6,CST
15045,6,CST
15046,6,CST
15047,6,CST
15048,6,CST
15049,6,CST
15050,6,CST
15051,6,CST
15052,6,CST
15053,6,CST
15054,6,CST
15055,6,CST
15056,6,CST
15057,6,CST
15058,6,CST
15059,6,CST
15060,6,CST
15061,6,CST
15062,6,CST
15063,6,CST
15064,6,CST
15065,6,CST
15066,6,CST
15067,6,CST
15068,6,CST
15069,6,CST
15070,6,CST
15071,6,CST
15072,6,CST
15073,6,CST
15074,6,CST
15075,6,CST
15076,6,CST
15077,6,CST
15078,6,CST
15079,6,CST
15080,6,CST
15081,6,CST
15082,6,CST
15083,6,CST
15084,6,CST
15085,6,CST
15086,6,CST
15087,6,CST
15088,6,CST
15089,6,CST
15090,6,CST
15091,6,CST
15092,6,CST
15093,6,CST
15094,6,CST
15095,6,CST
15096,6,CST
15097,6,CST
15098,6,CST
15099,6,CST
15100,6,CST
15101,6,CST
15102,6,CST
15103,6,CST
15104,6,CST
15105,6,CST
15106,6,CST
15107,6,CST
15108,6,CST
15109,6,CST
15110,6,CST
15111,6,CST
15112,6,CST
15113,6,CST
15114,6,CST
15115,6,CST
15116,6,CST
15117,6,CST
15118,6,CST
15119,6,CST
15120,6,CST
15121,6,CST
15122,6,CST
15123,6,CST
15124,6,CST
15125,6,CST
16000,6,CST
16001,6,CST
16002,6,CST
16003,6,CST
16004,6,CST
16005,6,CST
16006,6,CST
16007,6,CST
16008,6,CST
16009,6,CST
16010,6,CST
16011,6,CST
16012,6,CST
16013,6,CST
16014,6,CST
16015,6,CST
16016,6,CST
16017,6,CST
16018,6,CST
16019,6,CST
16020,6,CST
16021,6,CST
16022,6,CST
16023,6,CST
16024,6,CST
16025,6,CST
16026,6,CST
16027,6,CST
16028,6,CST
16029,6,CST
16030,6,CST
16031,6,CST
16032,6,CST
16033,6,CST
16034,6,CST
16035,6,CST
16036,6,CST
16037,6,CST
16038,6,CST
16039,6,CST
16040,6,CST
16041,6,CST
16042,6,CST
16043,6,CST
16044,6,CST
16045,6,CST
16046,6,CST
16047,6,CST
16048,6,CST
16049,6,CST
16050,6,CST
16051,6,CST
16052,6,CST
16053,6,CST
16054,6,CST
16055,6,CST
16056,6,CST
16057,6,CST
16058,6,CST
16059,6,CST
16060,6,CST
16061,6,CST
16062,6,CST
16063,6,CST
16064,6,CST
16065,6,CST
16066,6,CST
16067,6,CST
16068,6,CST
16069,6,CST
16070,6,CST
16071,6,CST
16072,6,CST
16073,6,CST
16074,6,CST
16075,6,CST
16076,6,CST
16077,6,CST
16078,6,CST
16079,6,CST
16080,6,CST
16081,6,CST
16082,6,CST
16083,6,CST
16084,6,CST
16085,6,CST
16086,6,CST
16087,6,CST
16088,6,CST
16089,6,CST
16090,6,CST
16091,6,CST
16092,6,CST
16093,6,CST
16094,6,CST
16095,6,CST
16096,6,CST
16097,6,CST
16098,6,CST
16099,6,CST
16100,6,CST
16101,6,CST
16102,6,CST
16103,6,CST
16104,6,CST
16105,6,CST
16106,6,CST
16107,6,CST
16108,6,CST
16109,6,CST
16110,6,CST
16111,6,CST
16112,6,CST
16113,6,CST
17000,6,CST
17001,6,CST
17002,6,CST
17003,6,CST
17004,6,CST
17005,6,CST
17006,6,CST
17007,6,CST
17008,6,CST
17009,6,CST
17010,6,CST
17011,6,CST
17012,6,CST
17013,6,CST
17014,6,CST
17015,6,CST
17016,6,CST
17017,6,CST
17018,6,CST
17019,6,CST
17020,6,CST
17021,6,CST
17022,6,CST
17023,6,CST
17024,6,CST
17025,6,CST
17026,6,CST
17027,6,CST
17028,6,CST
17029,6,CST
17030,6,CST
17031,6,CST
17032,6,CST
17033,6,CST
18000,7,MST
18001,7,MST
18002,7,MST
18003,7,MST
18004,7,MST
18005,7,MST
18006,7,MST
18007,7,MST
18008,7,MST
18009,7,MST
18010,7,MST
18011,7,MST
18012,7,MST
18013,7,MST
18014,7,MST
18015,7,MST
18016,7,MST
18017,7,MST
18018,7,MST
18019,7,MST
18020,7,MST
19000,6,CST
19001,6,CST
19002,6,CST
19003,6,CST
19004,6,CST
19005,6,CST
19006,6,CST
19007,6,CST
19008,6,CST
19009,6,CST
19010,6,CST
19011,6,CST
19012,6,CST
19013,6,CST
19014,6,CST
19015,6,CST
19016,6,CST
19017,6,CST
19018,6,CST
19019,6,CST
19020,6,CST
19021,6,CST
19022,6,CST
19023,6,CST
19024,6,CST
19025,6,CST
19026,6,CST
19027,6,CST
19028,6,CST
19029,6,CST
19030,6,CST
19031,6,CST
19032,6,CST
19033,6,CST
19034,6,CST
19035,6,CST
19036,6,CST
19037,6,CST
19038,6,CST
19039,6,CST
19040,6,CST
19041,6,CST
19042,6,CST
19043,6,CST
19044,6,CST
19045,6,CST
19046,6,CST
19047,6,CST
19048,6,CST
19049,6,CST
19050,6,CST
19051,6,CST
20000,6,CST
20001,6,CST
20002,6,CST
20003,6,CST
20004,6,CST
20005,6,CST
20006,6,CST
20007,6,CST
20008,6,CST
20009,6,CST
20010,6,CST
20011,6,CST
20012,6,CST
20013,6,CST
20014,6,CST
20015,6,CST
20016,6,CST
20017,6,CST
20018,6,CST
20019,6,CST
20020,6,CST
20021,6,CST
20022,6,CST
20023,6,CST
20024,6,CST
20025,6,CST
20026,6,CST
20027,6,CST
20028,6,CST
20029,6,CST
20030,6,CST
20031,6,CST
20032,6,CST
20033,6,CST
20034,6,CST
20035,6,CST
20036,6,CST
20037,6,CST
20038,6,CST
20039,6,CST
20040,6,CST
20041,6,CST
20042,6,CST
20043,6,CST
20044,6,CST
20045,6,CST
20046,6,CST
20047,6,CST
20048,6,CST
20049,6,CST
20050,6,CST
20051,6,CST
20052,6,CST
20053,6,CST
20054,6,CST
20055,6,CST
20056,6,CST
20057,6,CST
20058,6,CST
20059,6,CST
20060,6,CST
20061,6,CST
20062,6,CST
20063,6,CST
20064,6,CST
20065,6,CST
20066,6,CST
20067,6,CST
20068,6,CST
20069,6,CST
20070,6,CST
20071,6,CST
20072,6,CST
20073,6,CST
20074,6,CST
20075,6,CST
20076,6,CST
20077,6,CST
20078,6,CST
20079,6,CST
20080,6,CST
20081,6,CST
20082,6,CST
20083,6,CST
20084,6,CST
20085,6,CST
20086,6,CST
20087,6,CST
20088,6,CST
20089,6,CST
20090,6,CST
20091,6,CST
20092,6,CST
20093,6,CST
20094,6,CST
20095,6,CST
20096,6,CST
20097,6,CST
20098,6,CST
20099,6,CST
20100,6,CST
20101,6,CST
20102,6,CST
20103,6,CST
20104,6,CST
20105,6,CST
20106,6,CST
20107,6,CST
20108,6,CST
20109,6,CST
20110,6,CST
20111,6,CST
20112,6,CST
20113,6,CST
20114,6,CST
20115,6,CST
20116,6,CST
20117,6,CST
20118,6,CST
20119,6,CST
20120,6,CST
20121,6,CST
20122,6,CST
20123,6,CST
20124,6,CST
20125,6,CST
20126,6,CST
20127,6,CST
20128,6,CST
20129,6,CST
20130,6,CST
20131,6,CST
20132,6,CST
20133,6,CST
20134,6,CST
20135,6,CST
20136,6,CST
20137,6,CST
20138,6,CST
20139,6,CST
20140,6,CST
20141,6,CST
20142,6,CST
20143,6,CST
20144,6,CST
20145,6,CST
20146,6,CST
20147,6,CST
20148,6,CST
20149,6,CST
20150,6,CST
20151,6,CST
20152,6,CST
20153,6,CST
20154,6,CST
20155,6,CST
20156,6,CST
20157,6,CST
20158,6,CST
20159,6,CST
20160,6,CST
20161,6,CST
20162,6,CST
20163,6,CST
20164,6,CST
20165,6,CST
20166,6,CST
20167,6,CST
20168,6,CST
20169,6,CST
20170,6,CST
20171,6,CST
20172,6,CST
20173,6,CST
20174,6,CST
20175,6,CST
20176,6,CST
20177,6,CST
20178,6,CST
20179,6,CST
20180,6,CST
20181,6,CST
20182,6,CST
20183,6,CST
20184,6,CST
20185,6,CST
20186,6,CST
20187,6,CST
20188,6,CST
20189,6,CST
20190,6,CST
20191,6,CST
20192,6,CST
20193,6,CST
20194,6,CST
20195,6,CST
20196,6,CST
20197,6,CST
20198,6,CST
20199,6,CST
20200,6,CST
20201,6,CST
20202,6,CST
20203,6,CST
20204,6,CST
20205,6,CST
20206,6,CST
20207,6,CST
20208,6,CST
20209,6,CST
20210,6,CST
20211,6,CST
20212,6,CST
20213,6,CST
20214,6,CST
20215,6,CST
20216,6,CST
20217,6,CST
20218,6,CST
20219,6,CST
20220,6,CST
20221,6,CST
20222,6,CST
20223,6,CST
20224,6,CST
20225,6,CST
20226,6,CST
20227,6,CST
20228,6,CST
20229,6,CST
20230,6,CST
20231,6,CST
20232,6,CST
20233,6,CST
20234,6,CST
20235,6,CST
20236,6,CST
20237,6,CST
20238,6,CST
20239,6,CST
20240,6,CST
20241,6,CST
20242,6,CST
20243,6,CST
20244,6,CST
20245,6,CST
20246,6,CST
20247,6,CST
20248,6,CST
20249,6,CST
20250,6,CST
20251,6,CST
20252,6,CST
20253,6,CST
20254,6,CST
20255,6,CST
20256,6,CST
20257,6,CST
20258,6,CST
20259,6,CST
20260,6,CST
20261,6,CST
20262,6,CST
20263,6,CST
20264,6,CST
20265,6,CST
20266,6,CST
20267,6,CST
20268,6,CST
20269,6,CST
20270,6,CST
20271,6,CST
20272,6,CST
20273,6,CST
20274,6,CST
20275,6,CST
20276,6,CST
20277,6,CST
20278,6,CST
20279,6,CST
20280,6,CST
20281,6,CST
20282,6,CST
20283,6,CST
20284,6,CST
20285,6,CST
20286,6,CST
20287,6,CST
20288,6,CST
20289,6,CST
20290,6,CST
20291,6,CST
20292,6,CST
20293,6,CST
20294,6,CST
20295,6,CST
20296,6,CST
20297,6,CST
20298,6,CST
20299,6,CST
20300,6,CST
20301,6,CST
20302,6,CST
20303,6,CST
20304,6,CST
20305,6,CST
20306,6,CST
20307,6,CST
20308,6,CST
20309,6,CST
20310,6,CST
20311,6,CST
20312,6,CST
20313,6,CST
20314,6,CST
20315,6,CST
20316,6,CST
20317,6,CST
20318,6,CST
20319,6,CST
20320,6,CST
20321,6,CST
20322,6,CST
20323,6,CST
20324,6,CST
20325,6,CST
20326,6,CST
20327,6,CST
20328,6,CST
20329,6,CST
20330,6,CST
20331,6,CST
20332,6,CST
20333,6,CST
20334,6,CST
20335,6,CST
20336,6,CST
20337,6,CST
20338,6,CST
20339,6,CST
20340,6,CST
20341,6,CST
20342,6,CST
20343,6,CST
20344,6,CST
20345,6,CST
20346,6,CST
20347,6,CST
20348,6,CST
20349,6,CST
20350,6,CST
20351,6,CST
20352,6,CST
20353,6,CST
20354,6,CST
20355,6,CST
20356,6,CST
20357,6,CST
20358,6,CST
20359,6,CST
20360,6,CST
20361,6,CST
20362,6,CST
20363,6,CST
20364,6,CST
20365,6,CST
20366,6,CST
20367,6,CST
20368,6,CST
20369,6,CST
20370,6,CST
20371,6,CST
20372,6,CST
20373,6,CST
20374,6,CST
20375,6,CST
20376,6,CST
20377,6,CST
20378,6,CST
20379,6,CST
20380,6,CST
20381,6,CST
20382,6,CST
20383,6,CST
20384,6,CST
20385,6,CST
20386,6,CST
20387,6,CST
20388,6,CST
20389,6,CST
20390,6,CST
20391,6,CST
20392,6,CST
20393,6,CST
20394,6,CST
20395,6,CST
20396,6,CST
20397,6,CST
20398,6,CST
20399,6,CST
20400,6,CST
20401,6,CST
20402,6,CST
20403,6,CST
20404,6,CST
20405,6,CST
20406,6,CST
20407,6,CST
20408,6,CST
20409,6,CST
20410,6,CST
20411,6,CST
20412,6,CST
20413,6,CST
20414,6,CST
20415,6,CST
20416,6,CST
20417,6,CST
20418,6,CST
20419,6,CST
20420,6,CST
20421,6,CST
20422,6,CST
20423,6,CST
20424,6,CST
20425,6,CST
20426,6,CST
20427,6,CST
20428,6,CST
20429,6,CST
20430,6,CST
20431,6,CST
20432,6,CST
20433,6,CST
20434,6,CST
20435,6,CST
20436,6,CST
20437,6,CST
20438,6,CST
20439,6,CST
20440,6,CST
20441,6,CST
20442,6,CST
20443,6,CST
20444,6,CST
20445,6,CST
20446,6,CST
20447,6,CST
20448,6,CST
20449,6,CST
20450,6,CST
20451,6,CST
20452,6,CST
20453,6,CST
20454,6,CST
20455,6,CST
20456,6,CST
20457,6,CST
20458,6,CST
20459,6,CST
20460,6,CST
20461,6,CST
20462,6,CST
20463,6,CST
20464,6,CST
20465,6,CST
20466,6,CST
20467,6,CST
20468,6,CST
20469,6,CST
20470,6,CST
20471,6,CST
20472,6,CST
20473,6,CST
20474,6,CST
20475,6,CST
20476,6,CST
20477,6,CST
20478,6,CST
20479,6,CST
20480,6,CST
20481,6,CST
20482,6,CST
20483,6,CST
20484,6,CST
20485,6,CST
20486,6,CST
20487,6,CST
20488,6,CST
20489,6,CST
20490,6,CST
20491,6,CST
20492,6,CST
20493,6,CST
20494,6,CST
20495,6,CST
20496,6,CST
20497,6,CST
20498,6,CST
20499,6,CST
20500,6,CST
20501,6,CST
20502,6,CST
20503,6,CST
20504,6,CST
20505,6,CST
20506,6,CST
20507,6,CST
20508,6,CST
20509,6,CST
20510,6,CST
20511,6,CST
20512,6,CST
20513,6,CST
20514,6,CST
20515,6,CST
20516,6,CST
20517,6,CST
20518,6,CST
20519,6,CST
20520,6,CST
20521,6,CST
20522,6,CST
20523,6,CST
20524,6,CST
20525,6,CST
20526,6,CST
20527,6,CST
20528,6,CST
20529,6,CST
20530,6,CST
20531,6,CST
20532,6,CST
20533,6,CST
20534,6,CST
20535,6,CST
20536,6,CST
20537,6,CST
20538,6,CST
20539,6,CST
20540,6,CST
20541,6,CST
20542,6,CST
20543,6,CST
20544,6,CST
20545,6,CST
20546,6,CST
20547,6,CST
20548,6,CST
20549,6,CST
20550,6,CST
20551,6,CST
20552,6,CST
20553,6,CST
20554,6,CST
20555,6,CST
20556,6,CST
20557,6,CST
20558,6,CST
20559,6,CST
20560,6,CST
20561,6,CST
20562,6,CST
20563,6,CST
20564,6,CST
20565,6,CST
20566,6,CST
20567,6,CST
20568,6,CST
20569,6,CST
20570,6,CST
21000,6,CST
21001,6,CST
21002,6,CST
21003,6,CST
21004,6,CST
21005,6,CST
21006,6,CST
21007,6,CST
21008,6,CST
21009,6,CST
21010,6,CST
21011,6,CST
21012,6,CST
21013,6,CST
21014,6,CST
21015,6,CST
21016,6,CST
21017,6,CST
21018,6,CST
21019,6,CST
21020,6,CST
21021,6,CST
21022,6,CST
21023,6,CST
21024,6,CST
21025,6,CST
21026,6,CST
21027,6,CST
21028,6,CST
21029,6,CST
21030,6,CST
21031,6,CST
21032,6,CST
21033,6,CST
21034,6,CST
21035,6,CST
21036,6,CST
21037,6,CST
21038,6,CST
21039,6,CST
21040,6,CST
21041,6,CST
21042,6,CST
21043,6,CST
21044,6,CST
21045,6,CST
21046,6,CST
21047,6,CST
21048,6,CST
21049,6,CST
21050,6,CST
21051,6,CST
21052,6,CST
21053,6,CST
21054,6,CST
21055,6,CST
21056,6,CST
21057,6,CST
21058,6,CST
21059,6,CST
21060,6,CST
21061,6,CST
21062,6,CST
21063,6,CST
21064,6,CST
21065,6,CST
21066,6,CST
21067,6,CST
21068,6,CST
21069,6,CST
21070,6,CST
21071,6,CST
21072,6,CST
21073,6,CST
21074,6,CST
21075,6,CST
21076,6,CST
21077,6,CST
21078,6,CST
21079,6,CST
21080,6,CST
21081,6,CST
21082,6,CST
21083,6,CST
21084,6,CST
21085,6,CST
21086,6,CST
21087,6,CST
21088,6,CST
21089,6,CST
21090,6,CST
21091,6,CST
21092,6,CST
21093,6,CST
21094,6,CST
21095,6,CST
21096,6,CST
21097,6,CST
21098,6,CST
21099,6,CST
21100,6,CST
21101,6,CST
21102,6,CST
21103,6,CST
21104,6,CST
21105,6,CST
21106,6,CST
21107,6,CST
21108,6,CST
21109,6,CST
21110,6,CST
21111,6,CST
21112,6,CST
21113,6,CST
21114,6,CST
21115,6,CST
21116,6,CST
21117,6,CST
21118,6,CST
21119,6,CST
21120,6,CST
21121,6,CST
21122,6,CST
21123,6,CST
21124,6,CST
21125,6,CST
21126,6,CST
21127,6,CST
21128,6,CST
21129,6,CST
21130,6,CST
21131,6,CST
21132,6,CST
21133,6,CST
21134,6,CST
21135,6,CST
21136,6,CST
21137,6,CST
21138,6,CST
21139,6,CST
21140,6,CST
21141,6,CST
21142,6,CST
21143,6,CST
21144,6,CST
21145,6,CST
21146,6,CST
21147,6,CST
21148,6,CST
21149,6,CST
21150,6,CST
21151,6,CST
21152,6,CST
21153,6,CST
21154,6,CST
21155,6,CST
21156,6,CST
21157,6,CST
21158,6,CST
21159,6,CST
21160,6,CST
21161,6,CST
21162,6,CST
21163,6,CST
21164,6,CST
21165,6,CST
21166,6,CST
21167,6,CST
21168,6,CST
21169,6,CST
21170,6,CST
21171,6,CST
21172,6,CST
21173,6,CST
21174,6,CST
21175,6,CST
21176,6,CST
21177,6,CST
21178,6,CST
21179,6,CST
21180,6,CST
21181,6,CST
21182,6,CST
21183,6,CST
21184,6,CST
21185,6,CST
21186,6,CST
21187,6,CST
21188,6,CST
21189,6,CST
21190,6,CST
21191,6,CST
21192,6,CST
21193,6,CST
21194,6,CST
21195,6,CST
21196,6,CST
21197,6,CST
21198,6,CST
21199,6,CST
21200,6,CST
21201,6,CST
21202,6,CST
21203,6,CST
21204,6,CST
21205,6,CST
21206,6,CST
21207,6,CST
21208,6,CST
21209,6,CST
21210,6,CST
21211,6,CST
21212,6,CST
21213,6,CST
21214,6,CST
21215,6,CST
21216,6,CST
21217,6,CST
22000,6,CST
22001,6,CST
22002,6,CST
22003,6,CST
22004,6,CST
22005,6,CST
22006,6,CST
22007,6,CST
22008,6,CST
22009,6,CST
22010,6,CST
22011,6,CST
22012,6,CST
22013,6,CST
22014,6,CST
22015,6,CST
22016,6,CST
22017,6,CST
22018,6,CST
23000,5,EST
23001,5,EST
23002,5,EST
23003,5,EST
23004,5,EST
23005,5,EST
23006,5,EST
23007,5,EST
23008,5,EST
23009,5,EST
23010,5,EST
24000,6,CST
24001,6,CST
24002,6,CST
24003,6,CST
24004,6,CST
24005,6,CST
24006,6,CST
24007,6,CST
24008,6,CST
24009,6,CST
24010,6,CST
24011,6,CST
24012,6,CST
24013,6,CST
24014,6,CST
24015,6,CST
24016,6,CST
24017,6,CST
24018,6,CST
24019,6,CST
24020,6,CST
24021,6,CST
24022,6,CST
24023,6,CST
24024,6,CST
24025,6,CST
24026,6,CST
24027,6,CST
24028,6,CST
24029,6,CST
24030,6,CST
24031,6,CST
24032,6,CST
24033,6,CST
24034,6,CST
24035,6,CST
24036,6,CST
24037,6,CST
24038,6,CST
24039,6,CST
24040,6,CST
24041,6,CST
24042,6,CST
24043,6,CST
24044,6,CST
24045,6,CST
24046,6,CST
24047,6,CST
24048,6,CST
24049,6,CST
24050,6,CST
24051,6,CST
24052,6,CST
24053,6,CST
24054,6,CST
24055,6,CST
24056,6,CST
24057,6,CST
24058,6,CST
25000,7,MST
25001,7,MST
25002,7,MST
25003,7,MST
25004,7,MST
25005,7,MST
25006,7,MST
25007,7,MST
25008,7,MST
25009,7,MST
25010,7,MST
25011,7,MST
25012,7,MST
25013,7,MST
25014,7,MST
25015,7,MST
25016,7,MST
25017,7,MST
25018,7,MST
26000,7,MST
26001,7,MST
26002,7,MST
26003,7,MST
26004,7,MST
26005,7,MST
26006,7,MST
26007,7,MST
26008,7,MST
26009,7,MST
26010,7,MST
26011,7,MST
26012,7,MST
26013,7,MST
26014,7,MST
26015,7,MST
26016,7,MST
26017,7,MST
26018,7,MST
26019,7,MST
26020,7,MST
26021,7,MST
26022,7,MST
26023,7,MST
26024,7,MST
26025,7,MST
26026,7,MST
26027,7,MST
26028,7,MST
26029,7,MST
26030,7,MST
26031,7,MST
26032,7,MST
26033,7,MST
26034,7,MST
26035,7,MST
26036,7,MST
26037,7,MST
26038,7,MST
26039,7,MST
26040,7,MST
26041,7,MST
26042,7,MST
26043,7,MST
26044,7,MST
26045,7,MST
26046,7,MST
26047,7,MST
26048,7,MST
26049,7,MST
26050,7,MST
26051,7,MST
26052,7,MST
26053,7,MST
26054,7,MST
26055,7,MST
26056,7,MST
26057,7,MST
26058,7,MST
26059,7,MST
26060,7,MST
26061,7,MST
26062,7,MST
26063,7,MST
26064,7,MST
26065,7,MST
26066,7,MST
26067,7,MST
26068,7,MST
26069,7,MST
26070,7,MST
26071,7,MST
26072,7,MST
27000,6,CST
27001,6,CST
27002,6,CST
27003,6,CST
27004,6,CST
27005,6,CST
27006,6,CST
27007,6,CST
27008,6,CST
27009,6,CST
27010,6,CST
27011,6,CST
27012,6,CST
27013,6,CST
27014,6,CST
27015,6,CST
27016,6,CST
27017,6,CST
28000,6,CST
28001,6,CST
28002,6,CST
28003,6,CST
28004,6,CST
28005,6,CST
28006,6,CST
28007,6,CST
28008,6,CST
28009,6,CST
28010,6,CST
28011,6,CST
28012,6,CST
28013,6,CST
28014,6,CST
28015,6,CST
28016,6,CST
28017,6,CST
28018,6,CST
28019,6,CST
28020,6,CST
28021,6,CST
28022,6,CST
28023,6,CST
28024,6,CST
28025,6,CST
28026,6,CST
28027,6,CST
28028,6,CST
28029,6,CST
28030,6,CST
28031,6,CST
28032,6,CST
28033,6,CST
28034,6,CST
28035,6,CST
28036,6,CST
28037,6,CST
28038,6,CST
28039,6,CST
28040,6,CST
28041,6,CST
28042,6,CST
28043,6,CST
29000,6,CST
29001,6,CST
29002,6,CST
29003,6,CST
29004,6,CST
29005,6,CST
29006,6,CST
29007,6,CST
29008,6,CST
29009,6,CST
29010,6,CST
29011,6,CST
29012,6,CST
29013,6,CST
29014,6,CST
29015,6,CST
29016,6,CST
29017,6,CST
29018,6,CST
29019,6,CST
29020,6,CST
29021,6,CST
29022,6,CST
29023,6,CST
29024,6,CST
29025,6,CST
29026,6,CST
29027,6,CST
29028,6,CST
29029,6,CST
29030,6,CST
29031,6,CST
29032,6,CST
29033,6,CST
29034,6,CST
29035,6,CST
29036,6,CST
29037,6,CST
29038,6,CST
29039,6,CST
29040,6,CST
29041,6,CST
29042,6,CST
29043,6,CST
29044,6,CST
29045,6,CST
29046,6,CST
29047,6,CST
29048,6,CST
29049,6,CST
29050,6,CST
29051,6,CST
29052,6,CST
29053,6,CST
29054,6,CST
29055,6,CST
29056,6,CST
29057,6,CST
29058,6,CST
29059,6,CST
29060,6,CST
30000,6,CST
30001,6,CST
30002,6,CST
30003,6,CST
30004,6,CST
30005,6,CST
30006,6,CST
30007,6,CST
30008,6,CST
30009,6,CST
30010,6,CST
30011,6,CST
30012,6,CST
30013,6,CST
30014,6,CST
30015,6,CST
30016,6,CST
30017,6,CST
30018,6,CST
30019,6,CST
30020,6,CST
30021,6,CST
30022,6,CST
30023,6,CST
30024,6,CST
30025,6,CST
30026,6,CST
30027,6,CST
30028,6,CST
30029,6,CST
30030,6,CST
30031,6,CST
30032,6,CST
30033,6,CST
30034,6,CST
30035,6,CST
30036,6,CST
30037,6,CST
30038,6,CST
30039,6,CST
30040,6,CST
30041,6,CST
30042,6,CST
30043,6,CST
30044,6,CST
30045,6,CST
30046,6,CST
30047,6,CST
30048,6,CST
30049,6,CST
30050,6,CST
30051,6,CST
30052,6,CST
30053,6,CST
30054,6,CST
30055,6,CST
30056,6,CST
30057,6,CST
30058,6,CST
30059,6,CST
30060,6,CST
30061,6,CST
30062,6,CST
30063,6,CST
30064,6,CST
30065,6,CST
30066,6,CST
30067,6,CST
30068,6,CST
30069,6,CST
30070,6,CST
30071,6,CST
30072,6,CST
30073,6,CST
30074,6,CST
30075,6,CST
30076,6,CST
30077,6,CST
30078,6,CST
30079,6,CST
30080,6,CST
30081,6,CST
30082,6,CST
30083,6,CST
30084,6,CST
30085,6,CST
30086,6,CST
30087,6,CST
30088,6,CST
30089,6,CST
30090,6,CST
30091,6,CST
30092,6,CST
30093,6,CST
30094,6,CST
30095,6,CST
30096,6,CST
30097,6,CST
30098,6,CST
30099,6,CST
30100,6,CST
30101,6,CST
30102,6,CST
30103,6,CST
30104,6,CST
30105,6,CST
30106,6,CST
30107,6,CST
30108,6,CST
30109,6,CST
30110,6,CST
30111,6,CST
30112,6,CST
30113,6,CST
30114,6,CST
30115,6,CST
30116,6,CST
30117,6,CST
30118,6,CST
30119,6,CST
30120,6,CST
30121,6,CST
30122,6,CST
30123,6,CST
30124,6,CST
30125,6,CST
30126,6,CST
30127,6,CST
30128,6,CST
30129,6,CST
30130,6,CST
30131,6,CST
30132,6,CST
30133,6,CST
30134,6,CST
30135,6,CST
30136,6,CST
30137,6,CST
30138,6,CST
30139,6,CST
30140,6,CST
30141,6,CST
30142,6,CST
30143,6,CST
30144,6,CST
30145,6,CST
30146,6,CST
30147,6,CST
30148,6,CST
30149,6,CST
30150,6,CST
30151,6,CST
30152,6,CST
30153,6,CST
30154,6,CST
30155,6,CST
30156,6,CST
30157,6,CST
30158,6,CST
30159,6,CST
30160,6,CST
30161,6,CST
30162,6,CST
30163,6,CST
30164,6,CST
30165,6,CST
30166,6,CST
30167,6,CST
30168,6,CST
30169,6,CST
30170,6,CST
30171,6,CST
30172,6,CST
30173,6,CST
30174,6,CST
30175,6,CST
30176,6,CST
30177,6,CST
30178,6,CST
30179,6,CST
30180,6,CST
30181,6,CST
30182,6,CST
30183,6,CST
30184,6,CST
30185,6,CST
30186,6,CST
30187,6,CST
30188,6,CST
30189,6,CST
30190,6,CST
30191,6,CST
30192,6,CST
30193,6,CST
30194,6,CST
30195,6,CST
30196,6,CST
30197,6,CST
30198,6,CST
30199,6,CST
30200,6,CST
30201,6,CST
30202,6,CST
30203,6,CST
30204,6,CST
30205,6,CST
30206,6,CST
30207,6,CST
30208,6,CST
30209,6,CST
30210,6,CST
30211,6,CST
30212,6,CST
31000,6,CST
31001,6,CST
31002,6,CST
31003,6,CST
31004,6,CST
31005,6,CST
31006,6,CST
31007,6,CST
31008,6,CST
31009,6,CST
31010,6,CST
31011,6,CST
31012,6,CST
31013,6,CST
31014,6,CST
31015,6,CST
31016,6,CST
31017,6,CST
31018,6,CST
31019,6,CST
31020,6,CST
31021,6,CST
31022,6,CST
31023,6,CST
31024,6,CST
31025,6,CST
31026,6,CST
31027,6,CST
31028,6,CST
31029,6,CST
31030,6,CST
31031,6,CST
31032,6,CST
31033,6,CST
31034,6,CST
31035,6,CST
31036,6,CST
31037,6,CST
31038,6,CST
31039,6,CST
31040,6,CST
31041,6,CST
31042,6,CST
31043,6,CST
31044,6,CST
31045,6,CST
31046,6,CST
31047,6,CST
31048,6,CST
31049,6,CST
31050,6,CST
31051,6,CST
31052,6,CST
31053,6,CST
31054,6,CST
31055,6,CST
31056,6,CST
31057,6,CST
31058,6,CST
31059,6,CST
31060,6,CST
31061,6,CST
31062,6,CST
31063,6,CST
31064,6,CST
31065,6,CST
31066,6,CST
31067,6,CST
31068,6,CST
31069,6,CST
31070,6,CST
31071,6,CST
31072,6,CST
31073,6,CST
31074,6,CST
31075,6,CST
31076,6,CST
31077,6,CST
31078,6,CST
31079,6,CST
31080,6,CST
31081,6,CST
31082,6,CST
31083,6,CST
31084,6,CST
31085,6,CST
31086,6,CST
31087,6,CST
31088,6,CST
31089,6,CST
31090,6,CST
31091,6,CST
31092,6,CST
31093,6,CST
31094,6,CST
31095,6,CST
31096,6,CST
31097,6,CST
31098,6,CST
31099,6,CST
31100,6,CST
31101,6,CST
31102,6,CST
31103,6,CST
31104,6,CST
31105,6,CST
31106,6,CST
32000,6,CST
32001,6,CST
32002,6,CST
32003,6,CST
32004,6,CST
32005,6,CST
32006,6,CST
32007,6,CST
32008,6,CST
32009,6,CST
32010,6,CST
32011,6,CST
32012,6,CST
32013,6,CST
32014,6,CST
32015,6,CST
32016,6,CST
32017,6,CST
32018,6,CST
32019,6,CST
32020,6,CST
32021,6,CST
32022,6,CST
32023,6,CST
32024,6,CST
32025,6,CST
32026,6,CST
32027,6,CST
32028,6,CST
32029,6,CST
32030,6,CST
32031,6,CST
32032,6,CST
32033,6,CST
32034,6,CST
32035,6,CST
32036,6,CST
32037,6,CST
32038,6,CST
32039,6,CST
32040,6,CST
32041,6,CST
32042,6,CST
32043,6,CST
32044,6,CST
32045,6,CST
32046,6,CST
32047,6,CST
32048,6,CST
32049,6,CST
32050,6,CST
32051,6,CST
32052,6,CST
32053,6,CST
32054,6,CST
32055,6,CST
32056,6,CST
32057,6,CST
32058,6,CST
