Nestado,SCC,PM10,PM25,NO2,NO,SO2 ,CO ,VOC,NH3 ,CN,CO2,CH4
1,2201001000,37025,32750,561079,4841960,112918,26371087,2881159,50434,9583,682104660,57692
1,2201020000,1214,1074,21547,174627,3945,936115,90734,1498,315,23828827,2787
1,2201040230,196,173,1433,13684,553,117127,6988,137,28,3327622,232
1,2201040330,2889,2556,25792,246698,9911,2323478,134047,2326,539,59853587,5512
1,2201070270,7510,6641,14084,180110,6865,2093147,109915,1098,979,41488753,4142
1,2201070330,35378,31296,635371,5024840,114668,26003655,2552789,42642,8722,692674973,71668
1,2201080330,9021,7979,14975,318522,20173,8016452,627436,15213,1094,121868064,14032
1,2230001000,42,38,219,2030,125,13980,1014,4,3,439502,74
1,2230060000,105,98,130,832,42,2401,252,0,37,156541,30
1,2230060110,8239,7581,9660,41785,1604,19636,4906,138,1255,5732057,1622
1,2230060210,134458,123705,175442,747298,28916,345942,84944,2337,21563,103420263,28646
1,2230070270,62057,57092,104875,694218,18044,262778,41424,945,29341,63676076,6615
1,2230071110,100763,92702,211737,894418,34845,286551,46901,1766,34291,125010874,18446
1,2230071210,242044,222679,480863,2418169,84908,731874,110595,4179,99144,302760340,36093
1,2230075110,3251,2991,4137,24480,1322,80516,8220,147,957,4656682,950
2,2201001000,136518,120767,2183579,18380107,388662,108914302,10225833,175433,16455,2410902331,248622
2,2201020000,4474,3960,85001,679439,13584,3922051,341888,5213,544,84221915,11909
2,2201040230,720,633,5930,56131,1887,407815,23985,480,87,11739541,811
2,2201040330,10614,9394,106449,1003711,33971,8093805,462138,8076,1279,211416530,19299
2,2201070270,28044,24804,58256,740709,23611,7285168,377457,3818,3376,146139043,14463
2,2201070330,130621,115548,2508621,19624871,394801,111428182,9545538,148320,15743,2447126551,313847
2,2201080330,31915,28232,62106,1321196,70186,27892445,2116865,52917,3853,424057731,48850
2,2230001000,67,63,818,7497,14,46171,3546,28,5,1549107,276
2,2230060000,172,160,491,3114,0,7924,878,17,119,551433,107
2,2230060110,7581,6975,38011,164376,166,68297,17085,483,3555,20209196,5648
2,2230060210,122731,112914,689973,2938932,2976,1203331,296719,8122,60384,364892619,99932
2,2230070270,127627,117415,412691,2731770,1860,914063,144364,3286,91900,224167052,23082
2,2230071110,132103,121533,833198,3519565,3590,996736,163311,6156,93094,439914828,64234
2,2230071210,387798,356773,1892206,9515565,8749,2545775,384628,14540,282800,1064970925,125595
2,2230075110,4631,4258,15531,91464,137,266014,28609,507,3076,16400249,3332
3,2201001000,35792,31662,632277,5185304,107735,35191162,2834061,46815,4313,651671197,66081
3,2201020000,1176,1041,24513,191922,3758,1256258,95124,1392,142,22752411,3170
3,2201040230,190,167,1527,14497,533,108506,6709,126,18,3206854,212
3,2201040330,2789,2467,27472,259547,9546,2150619,128702,2154,338,57689217,4967
3,2201070270,7355,6506,15032,191259,6572,1940679,105736,1018,888,39727825,3797
3,2201070330,34279,30322,724227,5555390,109324,36097599,2662844,39578,4131,661472684,83666
3,2201080330,8470,7492,16014,340462,18720,7437586,589877,14120,1023,113104953,13005
3,2230001000,39,37,233,2114,121,14712,928,2,0,420598,65
3,2230060000,98,91,146,924,41,2534,232,0,32,149689,27
3,2230060110,7634,7027,9896,42811,1547,18225,4517,126,948,5526629,1496
3,2230060210,124552,114590,179707,765467,27883,321115,77768,2169,16107,99708866,26346
3,2230070270,57519,52915,107475,711435,17278,243920,38186,877,24529,61008617,6074
3,2230071110,93306,85841,216989,916600,33416,265983,43260,1644,24831,119847920,17055
3,2230071210,224169,206239,492787,2478135,81379,679350,102492,3880,75425,290036528,33445
3,2230075110,3011,2772,4595,27051,1261,84642,7593,135,822,4452984,871
4,2201001000,18145,16048,293149,2514741,61817,22907657,1576713,25759,2189,371840311,36936
4,2201020000,592,525,11266,91711,2154,809047,53538,766,70,12961983,1761
4,2201040230,91,85,627,6054,304,59707,3820,70,6,1851031,113
4,2201040330,1420,1258,11340,110012,5537,1183378,72395,1185,172,33260332,2675
4,2201070270,3654,3234,6184,79476,3780,1067860,60568,562,438,22722082,2067
4,2201070330,17316,15322,332102,2642083,62637,23416015,1499785,21780,2090,376953759,46609
4,2201080330,4553,4028,6548,139274,10300,4092496,332787,7769,548,62214768,7152
4,2230001000,22,17,117,1087,68,9493,512,0,0,240631,34
4,2230060000,55,49,74,478,21,1637,134,0,18,85528,18
4,2230060110,4201,3866,4454,19256,899,10030,2472,70,520,3193913,817
4,2230060210,68536,63050,80888,344534,16190,176695,42340,1192,8862,57560713,14381
4,2230070270,31650,29116,48325,319889,9939,134219,20922,482,13497,34929520,3314
4,2230071110,51337,47233,97564,412140,19257,146357,23745,904,13661,68728901,9354
4,2230071210,123348,113479,221576,1114266,46850,373805,56477,2134,41502,166195952,18378
4,2230075110,1657,1524,2361,13983,724,54553,4252,76,452,2544696,492
5,2201001000,81819,72380,1182927,10101173,237942,44441641,6252843,103296,9861,1459784192,117722
5,2201020000,2691,2379,45382,364608,8304,1488066,196587,3070,326,50935898,5684
5,2201040230,429,384,2805,26866,1176,187874,15187,281,54,7199425,465
5,2201040330,6372,5634,50535,485333,21089,3366019,290141,4756,768,129492888,11002
5,2201070270,16938,14982,27595,353645,14518,3563138,238147,2249,2038,88900154,8397
5,2201070330,78440,69391,1338107,10496401,241442,43958212,5541637,87329,9453,1480719767,146117
5,2201080330,18888,16707,29297,622943,41306,16457002,1352358,31159,2280,249569064,28582
5,2230001000,36,33,466,4284,1,23230,2071,16,0,941802,150
5,2230060000,103,93,288,1825,0,4298,521,7,70,334968,63
5,2230060110,4459,4101,19184,82973,105,37382,9988,282,2092,12410050,3306
5,2230060210,72167,66393,348405,1484041,1848,635791,172192,4780,35538,223835246,58246
5,2230070270,75118,69108,208239,1378416,1142,498225,84448,1935,54123,136529664,13437
5,2230071110,77694,71476,420421,1775929,2216,555830,95704,3623,54783,268338017,37664
5,2230071210,228092,209843,954784,4801431,5392,1461853,226539,8562,166425,649180944,73817
5,2230075110,2720,2504,9027,53403,83,142343,16984,299,1812,9964461,1970
6,2201001000,29390,25997,361297,3067333,69764,19651068,1917049,30569,5555,433950387,43354
6,2201020000,962,856,13922,112304,2436,676917,64157,910,183,15137867,2074
6,2201040230,125,107,811,7769,358,55311,4523,81,11,2151283,134
6,2201040330,2015,1782,14605,140539,6390,991022,86413,1412,326,38671138,3184
6,2201070270,4531,4009,7971,102157,4383,1048325,71281,667,573,26511291,2459
6,2201070330,27498,24324,410615,3239059,71071,20412670,1801328,25844,5082,440207674,54823
6,2201080330,5429,4799,8457,179911,12193,4846451,395938,9222,657,73835719,8484
6,2230001000,35,32,141,1303,75,7795,603,0,0,280656,40
6,2230060000,70,63,84,568,27,1434,152,0,23,99817,19
6,2230060110,7941,7306,5589,24164,1038,11064,2934,81,757,3710394,970
6,2230060210,129584,119218,101465,432196,18673,188153,50328,1415,13066,66896959,17098
6,2230070270,53416,49141,60639,401402,11538,147442,24835,573,17789,40740952,3939
6,2230071110,93540,86058,122430,517163,22387,164491,28167,1072,20772,80110183,11105
6,2230071210,218290,200827,278039,1398204,54539,432614,66945,2534,60054,193785057,21812
6,2230075110,2115,1946,2813,16641,825,47381,4995,84,580,2969751,573
7,2201001000,43931,38859,734688,6205867,142215,48461267,3655241,60989,5295,856090542,85886
7,2201020000,1441,1272,28354,227710,4958,1723551,123387,1816,174,29877474,4116
7,2201040230,230,204,1701,16231,706,141362,8737,170,26,4228618,270
7,2201040330,3433,3038,30575,292844,12644,2801890,166636,2808,417,76037975,6380
7,2201070270,8899,7870,16694,213600,8684,2528385,138687,1327,1074,52260125,4914
7,2201070330,41978,37133,836540,6571826,144242,49649322,3461768,51566,5062,868753955,108741
7,2201080330,10849,9598,17738,377188,24386,9689903,769127,18400,1311,147335108,16930
7,2230001000,52,45,284,2611,158,20196,1204,12,0,553220,83
7,2230060000,125,115,180,1131,52,3484,302,0,41,196832,36
7,2230060110,9950,9152,11526,49843,2051,23746,5863,170,1234,7290804,1945
7,2230060210,162269,149290,209274,891403,36948,418358,100631,2824,20980,131492615,34163
7,2230070270,74936,68944,125094,828034,22829,317788,49589,1139,31958,80286803,7880
7,2230071110,121560,111832,252549,1066823,44177,346531,56216,2141,32346,157792178,22176
7,2230071210,292057,268691,573551,2884281,107547,885080,133485,5053,98266,381791314,43536
7,2230075110,3923,3608,5607,33132,1665,116161,9898,178,1069,5855889,1131
8,2201001000,159641,141224,2335651,19390237,393419,67165804,10679430,182453,19241,2525144243,209603
8,2201020000,5267,4658,90104,705805,13783,2264481,335500,5420,632,88192947,10126
8,2201040230,843,745,5994,56836,1996,331846,25804,499,102,12343348,837
8,2201040330,12383,10956,107653,1017425,35782,5945457,493913,8401,1490,222223514,19927
8,2201070270,33732,29841,58917,750301,24828,6293622,404818,3974,4065,153320162,14999
8,2201070330,153548,135831,2660616,20380723,401956,66899849,9439397,154253,18507,2562916078,260316
8,2201080330,34409,30439,62767,1334826,72786,29068253,2311466,55036,4153,440958302,50556
8,2230001000,72,63,862,7914,14,35118,3674,30,5,1624652,282
8,2230060000,180,167,529,3344,0,6553,915,17,123,578228,112
8,2230060110,7875,7244,38719,167451,175,66027,17736,503,3694,21256003,5865
8,2230060210,127472,117267,702917,2994089,3136,1123006,307341,8445,62769,383689078,103637
8,2230070270,132680,122067,420397,2782781,1960,880023,149858,3419,95600,235253141,23929
8,2230071110,137233,126252,848758,3585290,3795,981773,169640,6399,96768,461858591,66735
8,2230071210,402879,370651,1927544,9693250,9254,2582102,400054,15124,293952,1117889306,130556
8,2230075110,4809,4426,16667,98194,140,217672,29790,528,3199,17198281,3463
9,2201001000,395777,350116,2573426,26221889,128793,203600798,23798082,502616,51009,6860342490,432493
9,2201020000,13040,11537,125583,1142472,4501,7930301,756560,14938,1681,239703376,22349
9,2201040230,2091,1849,11728,113351,624,1160403,58897,1378,268,33377463,1885
9,2201040330,30749,27202,210770,2032915,11255,22788759,1163299,23144,3962,601067983,45456
9,2201070270,83025,73446,116232,1522478,7819,17730940,897377,10942,10698,416084876,33101
9,2201070330,380281,336401,3611014,32180066,130814,220340145,20884051,424931,49010,6965208344,574921
9,2201080330,87500,77401,100989,2119677,23248,77708704,4832679,151605,11282,1214879341,99074
9,2230001000,190,177,2177,19962,35,132282,10077,85,23,4409596,779
9,2230060000,496,459,1278,8098,16,22708,2486,46,333,1570096,302
9,2230060110,21689,19957,97409,421279,473,195686,48827,1384,10173,57458407,16156
9,2230060210,351158,323064,1768765,7534045,8517,3447697,846352,23269,172913,1037528411,285524
9,2230070270,365504,336263,1057365,6999109,5330,2618818,412577,9415,263354,638295223,65931
9,2230071110,378056,347806,2134800,9017723,10286,2855738,466670,17633,266575,1252409974,183815
9,2230071210,1109875,1021079,4848186,24380498,25073,7293840,1100618,41659,809791,3032383130,359667
9,2230075110,13247,12189,40207,237902,387,762159,81237,1460,8816,46697887,9394
10,2201001000,49534,43822,730447,6094418,128548,38499093,3665025,57283,5973,791315131,81748
10,2201020000,1635,1445,28334,225113,4489,1383225,119232,1702,196,27640619,3918
10,2201040230,262,234,1879,17828,626,133531,8074,158,29,3866136,264
10,2201040330,3844,3402,33764,319139,11289,2647654,154677,2638,462,69610078,6258
10,2201070270,10448,9240,18476,235320,7821,2388674,126607,1249,1255,48045164,4712
10,2201070330,47646,42147,836893,6508690,130536,39509357,3378757,48431,5743,803234589,103466
10,2201080330,10766,9521,19687,418643,22913,9148872,725502,17278,1298,138443793,15869
10,2230001000,48,43,270,2474,141,16054,1153,10,0,509075,87
10,2230060000,117,110,164,1047,50,2760,284,0,39,181197,34
10,2230060110,9339,8594,12145,52534,1827,22302,5570,158,1162,6657262,1841
10,2230060210,152400,140211,220515,939284,32953,392911,96498,2651,19705,120177365,32538
10,2230070270,70383,64749,131883,872991,20546,298459,47051,1072,30013,73714550,7517
10,2230071110,114167,105036,266262,1124749,39686,325454,53261,2012,30380,144706349,20950
10,2230071210,274294,252350,604692,3040890,96698,831248,125589,4749,92291,350261876,40994
10,2230075110,3680,3386,5195,30609,1501,92460,9331,164,1003,5389359,1080
11,2201001000,128964,114087,1745119,15037762,351272,56977324,9181488,156305,15545,2162517500,177357
11,2201020000,4242,3757,67004,542410,12268,1921024,286941,4645,511,75526304,8576
11,2201040230,681,600,4414,42154,1716,282825,22023,430,83,10577961,713
11,2201040330,10031,8871,79432,760162,30865,5067317,425455,7196,1210,190419614,16931
11,2201070270,26940,23833,43379,554785,21375,5360311,344631,3400,3245,131376409,12796
11,2201070330,123863,109570,1975866,15608622,356677,56749546,8080480,132148,14927,2194955743,220488
11,2201080330,28938,25601,46103,980713,62523,24780915,1972940,47149,3497,377746046,43469
11,2230001000,131,121,686,6309,386,29968,3125,25,1,1391956,234
11,2230060000,329,302,409,2607,139,5590,775,17,101,495419,93
11,2230060110,25485,23448,29814,128932,4995,56567,15165,433,3167,18218375,5017
11,2230060210,415857,382589,541363,2305938,90088,962072,262328,7238,53773,328837320,88568
11,2230070270,192042,176676,323607,2142100,56148,753906,128145,2929,81901,201607564,20447
11,2230071110,311525,286601,653347,2759849,108470,841069,145091,5484,82900,395822836,57111
11,2230071210,748462,688583,1483768,7461576,264299,2212058,342549,12957,251828,958058256,111810
11,2230075110,10048,9245,12936,76511,4107,185815,25398,454,2740,14735787,2937
12,2201001000,77720,68749,894190,7719370,183443,51845382,5236411,80301,14712,1143321612,114166
12,2201020000,2553,2257,34384,281438,6411,1785650,172688,2388,486,39878797,5457
12,2201040230,331,293,1988,19125,937,145310,11985,218,50,5667360,356
12,2201040330,5331,4717,35856,347328,16807,2603427,230302,3698,860,101878114,8386
12,2201070270,11985,10598,19546,251199,11528,2753954,188013,1749,1514,69805567,6463
12,2201070330,72765,64370,1013426,8104785,186870,53846662,4868935,67894,13472,1159607052,144300
12,2201080330,14280,12635,20715,440588,32036,12731633,1054315,24224,1733,193973728,22292
12,2230001000,91,84,362,3327,204,20560,1594,14,4,739176,107
12,2230060000,185,168,223,1440,71,3781,400,0,57,262856,48
12,2230060110,20864,19193,14016,60613,2733,29062,7719,222,1993,9775022,2558
12,2230060210,340423,313186,254559,1084294,49107,494281,132413,3718,34321,176235274,44957
12,2230070270,140320,129094,152096,1006784,30338,387333,65296,1504,46731,107267839,10363
12,2230071110,245736,226076,307073,1297127,58868,432113,74067,2816,54568,210938829,29191
12,2230071210,573456,527575,697369,3506935,143393,1136484,175948,6657,157767,510226891,57312
12,2230075110,5548,5104,7104,42071,2170,124964,13152,234,1524,7820224,1512
13,2201001000,77284,68365,1005096,8696048,196986,30610194,5163178,91708,9339,1257871174,104143
13,2201020000,2544,2254,38816,315264,6884,1044148,163295,2727,307,43944556,5047
13,2201040230,407,360,2643,25209,959,165104,12640,250,50,6129335,417
13,2201040330,6004,5310,47530,454014,17231,2958511,245301,4225,725,110370682,9926
13,2201070270,16226,14351,25971,332126,11969,3118745,197732,1998,1957,76314452,7473
13,2201070330,74274,65703,1144815,9072156,200085,30880842,4569436,77532,8973,1276953315,129890
13,2201080330,17064,15092,27467,584216,35502,14365637,1122901,27663,2065,221661983,25240
13,2230001000,75,70,399,3665,216,16080,1840,15,0,808734,137
13,2230060000,188,176,237,1492,76,3017,455,2,57,287914,53
13,2230060110,14554,13389,17822,77081,2780,33190,8914,251,1860,10552639,2946
13,2230060210,237416,218420,323623,1378488,50106,564470,154408,4244,31549,190528398,52084
13,2230070270,110993,102113,193472,1280665,31329,442334,75289,1718,48052,117076934,12027
13,2230071110,178618,164329,390608,1649988,60484,493478,85191,3216,48639,229758532,33536
13,2230071210,430489,396047,887074,4460935,147421,1297867,200909,7601,147754,556232211,65625
13,2230075110,5769,5307,7405,43799,2295,100460,14858,265,1609,8563273,1716
14,2201001000,252307,223199,3296245,28037465,354239,149913146,18079887,333492,31649,4628997568,322513
14,2201020000,8295,7336,140179,1122364,12368,5602071,573346,9915,1038,161647881,16338
14,2201040230,1328,1179,8936,85601,1740,639995,43505,916,167,22718823,1339
14,2201040330,19655,17386,160520,1534059,31274,12784180,848520,15358,2464,408837962,32067
14,2201070270,52192,46170,88207,1140680,21588,11447676,670556,7262,6546,281776285,23920
14,2201070330,241941,214026,4138335,32420564,359561,155909697,16021460,281951,30350,4698758942,419872
14,2201080330,58460,51715,84353,1781520,62208,40179266,3726784,100597,7341,805830956,76379
14,2230001000,187,172,1558,14254,346,100086,6637,56,16,2984047,495
14,2230060000,473,440,959,6068,123,17230,1653,32,221,1062051,199
14,2230060110,30252,27833,66838,289061,4504,129833,32270,919,6751,39142000,10687
14,2230060210,492511,453108,1213540,5169092,81210,2287523,556704,15438,114730,706338206,188296
14,2230070270,308847,284137,725594,4803005,50444,1737625,272685,6249,174745,432562402,43452
14,2230071110,414982,381782,1464930,6188115,97522,1894785,308890,11698,176873,849519582,121680
14,2230071210,1077723,991500,3326889,16730298,237541,4839494,730528,27643,537307,2056005561,238402
14,2230075110,13810,12703,30148,177884,3685,576062,54111,968,5850,31592252,6234
15,2201001000,258209,228418,2515390,21970276,210750,106415076,15088510,285163,32679,3871723944,328073
15,2201020000,8541,7554,110503,901316,7393,4043523,501339,8475,1078,135312083,16678
15,2201040230,1364,1208,7823,74966,1066,512556,34426,780,176,18718166,1155
15,2201040330,19975,17672,140499,1340086,19120,9227321,676805,13132,2527,337303126,27952
15,2201070270,55397,49007,77342,1002396,13319,8556798,526102,6209,7011,233932263,20265
15,2201070330,248886,220168,3255576,25969652,215533,121681000,13940069,241088,31497,3930343077,437747
15,2201080330,52613,46543,71938,1517542,39719,41577494,2885888,86018,6665,689494245,62441
15,2230001000,143,132,1292,11865,190,49277,5808,51,15,2481359,471
15,2230060000,362,337,770,4886,69,9251,1423,26,187,883544,175
15,2230060110,21333,19629,59351,256668,2546,103198,27883,788,5774,32199340,9204
15,2230060210,346961,319206,1077482,4589537,45742,1755196,486247,13201,98106,581692723,163353
15,2230070270,245130,225519,644357,4265250,28717,1375424,235548,5341,149418,358611483,37751
15,2230071110,307929,283297,1300913,5495277,55570,1534448,266161,10002,151241,703224358,104637
15,2230071210,823983,758064,2954402,14857131,135590,4035668,625222,23634,459437,1702948959,204343
15,2230075110,10374,9545,24337,143557,2055,308201,46448,831,5001,26274106,5434
16,2201001000,143233,126707,2128842,18042743,402067,89174241,11427628,177870,17262,2461821957,251741
16,2201020000,4714,4168,82342,663179,14042,3102220,371487,5287,571,85977682,12073
16,2201040230,756,669,5331,50772,1970,321846,25241,490,91,12057900,806
16,2201040330,11146,9866,95900,912728,35404,5766405,487791,8190,1344,217029729,19152
16,2201070270,29768,26336,52413,668858,24481,6099814,395184,3877,3583,149699763,14519
16,2201070330,137454,121591,2430474,19143519,408191,93537624,10515987,150378,16565,2498928366,318760
16,2201080330,32686,28915,55761,1185937,71142,28199659,2259463,53655,3947,429826537,49451
16,2230001000,153,136,815,7462,441,35479,3548,30,5,1585707,261
16,2230060000,374,342,495,3138,154,6603,877,17,122,564397,104
16,2230060110,29004,26681,35374,152994,5736,64370,17234,491,3604,20770230,5706
16,2230060210,473229,435371,642311,2735934,103351,1094800,297696,8236,61192,374864803,100605
16,2230070270,218535,201051,384033,2542069,64321,857918,145620,3330,93197,229762851,23222
16,2230071110,354505,326140,775339,3275164,124294,957109,164904,6238,94339,451146729,64944
16,2230071210,851720,783576,1760811,8854791,302816,2517236,389667,14743,286569,1091946485,127189
16,2230075110,11434,10522,15580,92005,4701,219325,28853,517,3119,16788099,3328
17,2201001000,57373,50753,613067,5247381,123439,30931280,3218800,54013,11085,753055733,60935
17,2201020000,1896,1677,23525,189406,4308,1092532,100939,1607,369,26291412,2948
17,2201040230,245,216,1487,14196,608,125195,7772,149,35,3702184,242
17,2201040330,3956,3503,26727,256310,10909,2481536,149946,2488,665,66609758,5756
17,2201070270,8858,7836,14596,186777,7528,2239133,121840,1175,1127,45861105,4386
17,2201070330,53933,47714,693716,5452160,125280,30527714,2843451,45667,10219,764280653,75803
17,2201080330,9811,8683,15501,329593,21599,8581141,693771,16289,1190,130502878,15004
17,2230001000,62,55,240,2221,137,16461,1075,7,3,485686,77
17,2230060000,119,113,149,938,49,2836,266,0,38,172832,31
17,2230060110,14032,12910,10114,43740,1767,21029,5219,149,1342,6379798,1729
17,2230060210,228967,210648,183660,782313,31866,370480,89956,2500,23087,115107771,30447
17,2230070270,94381,86830,109781,726662,19775,281419,44119,1011,31430,70415455,7026
17,2230071110,165278,152056,221637,936218,38238,306873,49987,1894,36702,138322159,19691
17,2230071210,385701,354842,503337,2531182,93136,783788,118316,4478,106114,334733951,38602
17,2230075110,3729,3435,4638,27444,1446,94741,8774,158,1029,5141261,1009
18,2201001000,27026,23907,430748,3667036,86639,23467349,2460389,36811,3256,524041560,52520
18,2201020000,884,785,16598,134185,3020,808614,80414,1093,107,18279853,2512
18,2201040230,143,126,970,9294,433,66603,5522,99,13,2597218,163
18,2201040330,2111,1867,17464,168139,7727,1193318,105874,1695,252,46692717,3867
18,2201070270,5499,4865,9529,122157,5296,1262318,86433,801,666,31992849,2969
18,2201070330,25845,22859,489404,3869280,87850,24383848,2274955,31120,3116,531534118,66365
18,2201080330,6580,5825,10110,215041,14715,5835738,488899,11103,797,88912033,10222
18,2230001000,32,31,170,1564,96,9308,732,0,0,338757,53
18,2230060000,77,71,109,679,33,1715,184,0,25,120467,22
18,2230060110,6003,5523,6695,28953,1257,13324,3544,99,746,4479226,1174
18,2230060210,97929,90097,121586,517886,22580,226560,60857,1703,12664,80760531,20640
18,2230070270,45222,41606,72659,480971,13919,177539,29972,689,19285,49157738,4759
18,2230071110,73361,67494,146698,619678,26946,198062,33996,1291,19522,96663302,13390
18,2230071210,176255,162156,333151,1675365,65589,520926,80686,3052,59304,233811524,26278
18,2230075110,2366,2177,3358,19861,1014,56614,6040,104,646,3583949,696
19,2201001000,163070,144254,2145351,18024696,112602,119432074,13687361,222416,20850,3101982612,240653
19,2201020000,5354,4736,96829,763725,3929,4700849,448105,6612,687,108296017,12536
19,2201040230,861,761,5995,57739,558,399413,30614,610,108,15269153,832
19,2201040330,12705,11237,107540,1029249,9981,7984305,586375,10239,1625,274681577,19863
19,2201070270,33598,29719,59552,780084,6871,7184842,471464,4844,4291,189083156,14968
19,2201070330,156240,138212,2860216,22106292,114253,134660766,12684673,188041,19975,3148410766,329878
19,2201080330,38176,33771,53388,1120680,19535,23889257,2565642,67090,4884,537355928,44236
19,2230001000,85,80,1096,10035,16,70372,4428,37,10,2001952,323
19,2230060000,220,204,689,4386,0,12129,1102,19,148,712423,131
19,2230060110,9598,8827,46710,202010,221,86591,21472,615,4502,26314889,7115
19,2230060210,155390,142960,847990,3612034,3983,1525590,369974,10300,76517,474748450,125274
19,2230070270,161742,148804,507139,3356954,2468,1158851,181563,4166,116541,290365948,28903
19,2230071110,167294,153905,1023881,4325054,4773,1263671,205687,7802,117965,570441566,81055
19,2230071210,491129,451836,2325257,11693277,11620,3227557,487112,18433,358340,1380431387,158912
19,2230075110,5859,5392,21798,128361,180,404887,36186,647,3903,21193491,4170
20,2201001000,48880,43241,902228,6922530,151482,32998252,3382178,66690,5893,912538765,72898
20,2201020000,1622,1435,35222,258782,5297,1125980,111180,1988,192,31919982,3401
20,2201040230,261,231,2203,20650,751,119057,8896,181,28,4518167,249
20,2201040330,3869,3421,39427,364947,13490,2129763,166370,3058,469,81164251,5664
20,2201070270,10253,9071,21826,275816,9395,2291679,143468,1451,1233,56596454,4745
20,2201070330,47292,41837,1043065,7534542,154156,33656989,3134940,56513,5701,929071306,89284
20,2201080330,11941,10564,23484,499106,26736,10604676,824299,20334,1442,161535123,18217
20,2230001000,57,52,309,2836,169,15170,1084,12,0,589937,74
20,2230060000,133,123,207,1296,57,2797,294,0,42,210615,36
20,2230060110,10608,9761,13994,60462,2176,23684,6253,183,1341,7734442,2071
20,2230060210,173068,159221,254433,1083476,39198,402613,107240,3069,22768,139605249,36370
20,2230070270,80583,74141,155010,1027219,24774,320140,53642,1251,35037,87210486,8475
20,2230071110,128566,118276,310982,1317238,47497,353159,60197,2337,35000,169807242,23632
20,2230071210,309539,284772,706417,3562220,115695,929792,143399,5512,106280,411056870,46458
20,2230075110,4122,3797,6508,37946,1780,92710,9571,193,1170,6271838,1161
21,2201001000,145186,128435,1521454,13140968,264844,77387670,7874394,118147,29774,1633377193,176345
21,2201020000,4792,4240,58912,482025,9242,2789677,256217,3508,992,57006882,8587
21,2201040230,595,525,4081,38824,1281,284698,17157,326,90,7928120,590
21,2201040330,9823,8691,73398,698143,23099,5707762,337961,5455,1761,142877375,14242
21,2201070270,21230,18784,39917,509023,15937,5020232,265140,2573,2749,98142011,10345
21,2201070330,135833,120161,1736441,13884940,268534,78857066,7193901,99762,27357,1655454331,225465
21,2201080330,22005,19468,42342,900882,47202,18759949,1488778,35422,2675,285166086,33173
21,2230001000,140,129,584,5337,292,32880,2600,16,13,1049152,201
21,2230060000,276,257,342,2180,101,5609,618,15,86,372870,73
21,2230060110,31138,28647,26238,113525,3747,46868,11655,326,2947,13699275,3856
21,2230060210,508246,467588,475850,2027166,67578,829331,202281,5487,50735,247290437,68227
21,2230070270,208868,192160,281732,1863727,41766,622731,97697,2211,68677,150266198,15668
21,2230071110,368601,339111,570822,2407567,81039,681433,111122,4150,80785,296351595,43864
21,2230071210,859415,790659,1296182,6508215,197498,1732863,261371,9808,233607,717366862,85726
21,2230075110,8374,7704,10811,63971,3080,188179,20337,340,2251,11083769,2287
22,2201001000,57011,50434,621699,5183510,110329,25672794,2806029,49332,11218,677615054,55638
22,2201020000,1888,1670,23978,188496,3854,911592,88409,1465,374,23671973,2692
22,2201040230,243,213,1617,15330,541,114573,6871,134,35,3307839,223
22,2201040330,3935,3478,29048,274514,9679,2273029,133056,2270,676,59554474,5339
22,2201070270,8794,7778,15893,202246,6711,2047519,107768,1074,1126,41156713,4038
22,2201070330,53700,47503,708005,5441302,112047,25314476,2479337,41708,10365,687940909,69217
22,2201080330,9147,8087,16936,360204,19735,7841468,613580,14882,1108,119227196,13723
22,2230001000,53,51,233,2115,123,13604,987,3,2,436027,74
22,2230060000,112,103,138,888,42,2336,244,0,37,155229,29
22,2230060110,12817,11790,10458,45219,1563,19207,4786,136,1225,5695997,1585
22,2230060210,209129,192396,189816,808533,28239,338380,82791,2285,21086,102829604,27957
22,2230070270,86202,79301,113525,751468,17625,257038,40435,925,28707,63151314,6455
22,2230071110,150958,138882,229198,968178,34042,280286,45765,1729,33528,123950501,18024
22,2230071210,352280,324100,520518,2617578,82947,715879,108043,4088,96921,300063030,35291
22,2230075110,3407,3136,4421,26053,1292,78348,7978,146,936,4617097,918
23,2201001000,26597,23529,431326,3686281,90612,25877502,2200835,37880,3206,545373915,42854
23,2201020000,871,768,16493,132616,3157,900263,71326,1125,105,19012567,2069
23,2201040230,141,124,933,8989,450,87797,5714,104,12,2713444,164
23,2201040330,2077,1844,16842,163247,8108,1740166,109483,1746,250,48757191,3928
23,2201070270,5351,4732,9183,118026,5538,1570295,89857,825,646,33327427,3040
23,2201070330,25385,22458,486096,3815497,91825,25362225,1981951,32025,3059,552917027,53157
23,2201080330,6689,5918,9732,206962,15146,6018111,495027,11425,803,91488607,10510
23,2230001000,33,32,176,1600,100,13798,754,0,0,352928,52
23,2230060000,81,73,111,705,34,2382,189,0,26,125455,23
23,2230060110,6177,5682,6593,28515,1318,14748,3633,104,767,4681783,1205
23,2230060210,100781,92716,119757,510088,23708,259829,62210,1754,13031,84378587,21142
23,2230070270,46542,42817,71551,473619,14565,197367,30749,708,19851,51232393,4872
23,2230071110,75499,69460,144454,610201,28213,215221,34888,1326,20092,100798879,13749
23,2230071210,181390,166880,328056,1649747,68654,549700,83020,3138,61031,243760073,27018
23,2230075110,2434,2240,3467,20510,1061,79317,6236,109,665,3732584,720
24,2201001000,91882,81280,1005748,8617855,205355,54010905,5492490,88864,17653,1251600488,100987
24,2201020000,3031,2677,38565,310907,7165,1901320,171928,2641,584,43677437,4884
24,2201040230,392,342,2363,22645,1013,206795,13160,244,55,6176855,395
24,2201040330,6314,5590,42553,409518,18222,4097119,252891,4092,1043,111089947,9380
24,2201070270,14178,12537,23231,297942,12535,3701907,206030,1935,1800,76307672,7192
24,2201070330,86235,76282,1136948,8947777,208354,53321802,4856223,75130,16228,1269851278,125681
24,2201080330,16042,14189,24653,524177,35534,14187310,1173219,26808,1948,214689142,24573
24,2230001000,99,91,399,3672,226,28425,1765,15,5,808092,124
24,2230060000,203,186,248,1563,81,4899,442,2,64,287463,53
24,2230060110,23087,21240,16264,70333,2954,34595,8571,246,2208,10648446,2838
24,2230060210,376716,346573,295340,1258004,53232,609553,147465,4116,37981,192058907,49964
24,2230070270,155280,142858,176507,1168382,32949,463023,72471,1665,51713,117206235,11526
24,2230071110,271932,250176,356360,1505321,63743,504899,82152,3118,60393,230352263,32361
24,2230071210,634587,583819,809300,4069811,155216,1289568,194717,7366,174589,557317728,63478
24,2230075110,6140,5647,7741,45791,2405,163526,14513,259,1687,8551716,1671
25,2201001000,82870,73309,1498917,12265452,255741,86700049,7259499,110052,9990,1548037524,156286
25,2201020000,2717,2403,58080,453782,8923,3085256,238091,3271,330,54028869,7484
25,2201040230,435,387,3530,33491,1265,255064,16456,300,56,7651371,493
25,2201040330,6466,5717,63426,600071,22755,5055580,315641,5068,780,137596774,11623
25,2201070270,16965,15008,34694,441702,15629,4562075,257258,2396,2042,94515774,8909
25,2201070330,79327,70175,1715592,13135744,259455,88841614,6715772,93041,9561,1570995283,197702
25,2201080330,19823,17537,36950,785603,44002,17483981,1456362,33195,2392,265841125,30565
25,2230001000,94,87,548,5024,283,36150,2185,16,0,1000407,155
25,2230060000,229,214,351,2217,99,6236,548,9,72,355926,66
25,2230060110,17946,16512,22966,99322,3691,42846,10605,301,2229,13191372,3514
25,2230060210,292793,269371,416931,1775918,66490,754866,182370,5099,37861,237913818,61819
25,2230070270,135211,124396,249337,1650452,41095,573404,89689,2058,57665,145191334,14256
25,2230071110,219339,201789,503394,2126419,79526,625263,101666,3860,58365,285366376,40064
25,2230071210,526976,484815,1143214,5749020,193619,1596997,241087,9120,177306,690424330,78592
25,2230075110,7076,6510,11021,64883,2999,207927,17950,319,1929,10589013,2068
26,2201001000,123413,109174,1457190,11967005,249346,81061630,7084925,108489,24252,1516287463,155074
26,2201020000,4080,3611,56498,442830,8702,2894958,231470,3227,806,52935450,7422
26,2201040230,522,461,3536,33517,1231,251447,15844,294,77,7457570,490
26,2201040330,8480,7502,63506,600079,22084,4983825,304535,4994,1447,134179013,11659
26,2201070270,18982,16796,34744,442125,15210,4497327,247261,2361,2427,92334162,8849
26,2201070330,116099,102704,1668984,12816781,253025,83160835,6531989,91721,22364,1538787039,196016
26,2201080330,20020,17712,37011,786933,43379,17235822,1409719,32725,2428,262130467,30163
26,2230001000,63,55,533,4885,1,33896,2172,16,9,977870,161
26,2230060000,122,110,336,2129,0,5840,540,8,80,347952,66
26,2230060110,7107,6535,22896,99028,105,42240,10500,294,2694,12850616,3477
26,2230060210,114363,105215,415686,1770620,1933,744150,181268,5022,46369,231853429,61282
26,2230070270,100846,92777,248605,1645622,1199,565262,88769,2034,63136,141765843,14143
26,2230071110,114159,105027,501918,2120193,2319,616389,100560,3808,73726,278499755,39588
26,2230071210,321794,296054,1139869,5732185,5651,1574329,237806,8994,213142,673921303,77554
26,2230075110,3152,2897,10584,62324,88,195046,17732,314,2061,10350450,2055
27,2201001000,33508,29641,543199,4652113,112280,40015326,2969489,47436,4039,676798557,67443
27,2201020000,1094,970,20902,169908,3913,1417750,99803,1412,133,23602839,3226
27,2201040230,179,156,1204,11565,559,109941,7062,127,17,3357904,211
27,2201040330,2621,2317,21707,209743,10021,2179076,135709,2182,314,60352771,4934
27,2201070270,6752,5973,11839,151976,6856,1966364,111075,1031,813,41334723,3813
27,2201070330,31993,28299,616281,4896359,113820,40945525,2790499,40102,3853,686362144,85236
27,2201080330,8390,7421,12554,266958,18967,7536012,612595,14310,1014,114573340,13168
27,2230001000,41,37,217,1999,125,16623,937,2,0,437704,64
27,2230060000,99,93,137,866,42,2870,237,0,33,155639,28
27,2230060110,7736,7116,8416,36404,1627,18468,4554,128,958,5792243,1510
27,2230060210,126205,116105,152881,651179,29291,325364,77999,2196,16320,104418221,26505
27,2230070270,58279,53617,91346,604684,18036,247151,38523,888,24855,63527300,6107
27,2230071110,94538,86974,184431,779068,34925,269503,43692,1664,25159,124940095,17227
27,2230071210,227139,208965,418848,2106299,84995,688340,103901,3932,76421,302198862,33847
27,2230075110,3048,2804,4293,25402,1313,95580,7768,137,831,4630450,891
28,2201001000,114594,101370,1849903,15661187,361784,124993317,9936797,154646,13812,2190794256,219403
28,2201020000,3757,3322,71369,574341,12617,4443137,329763,4595,453,76429787,10503
28,2201040230,604,536,4238,40550,1791,359863,23142,425,75,10836678,689
28,2201040330,8942,7911,76296,732159,32197,7129882,444520,7122,1078,194841522,16225
28,2201070270,23368,20668,41671,533817,22089,6442123,362693,3365,2811,133662318,12488
28,2201070330,109610,96964,2105339,16571895,366906,128093036,9260583,130745,13214,2222269623,277510
28,2201080330,27728,24528,44247,940758,61832,24689003,2025439,46648,3349,373576010,42755
28,2230001000,59,55,720,6608,13,51864,3075,24,1,1415446,220
28,2230060000,153,141,453,2867,0,8951,772,17,100,503423,92
28,2230060110,6674,6139,28891,124949,158,60205,14889,428,3132,18686004,4934
28,2230060210,108042,99398,524655,2234768,2824,1060753,255889,7160,53203,336953177,86776
28,2230070270,112461,103461,313591,2075771,1743,805758,125965,2899,81029,205354509,20011
28,2230071110,116319,107014,633117,2674391,3372,878638,142800,5422,82023,403716918,56265
28,2230071210,341480,314164,1437819,7230530,8209,2244134,338852,12819,249157,976640140,110416
28,2230075110,4073,3752,14202,83937,126,298279,25324,450,2714,14976748,2920
29,2201001000,21946,19416,265829,2291660,52332,12152708,1329054,23534,2646,321172377,27817
29,2201020000,725,641,10223,82807,1829,431494,41951,697,86,11223269,1343
29,2201040230,117,102,698,6672,251,54813,3201,64,8,1556345,112
29,2201040330,1699,1500,12591,120048,4557,1088689,61992,1084,204,28042297,2626
29,2201070270,4693,4151,6882,87871,3167,978370,49978,513,568,19421785,1951
29,2201070330,21155,18710,301575,2383870,53131,11981451,1174295,19897,2551,326019178,34578
29,2201080330,4531,4009,7320,155835,9419,3743806,285870,7098,547,56898725,6561
29,2230001000,17,15,102,946,54,6192,482,0,0,205973,38
29,2230060000,47,43,57,387,18,1064,116,0,17,73332,14
29,2230060110,3838,3530,4653,20129,736,9165,2301,65,477,2677752,755
29,2230060210,62616,57603,84512,359981,13300,161424,40044,1088,8097,48367396,13457
29,2230070270,28915,26601,50529,334466,8320,122621,19420,443,12329,29776314,3109
29,2230071110,46904,43150,102013,430915,16057,133712,21960,828,12484,58404851,8631
29,2230071210,112688,103678,231673,1165039,39135,341512,51610,1950,37918,141415262,16859
29,2230075110,1513,1388,1918,11337,611,35686,3832,67,412,2180712,446
30,2201001000,123384,109151,2234287,18348388,388176,103256240,9619333,168547,14873,2340454207,193983
30,2201020000,4042,3576,86177,669643,13546,3644138,311002,5012,488,81716616,9384
30,2201040230,649,573,5395,51184,1914,390652,24358,464,78,11521139,748
30,2201040330,9634,8526,96914,917114,34406,7742939,471202,7761,1162,207231362,17699
30,2201070270,25090,22195,53010,674975,23684,6987103,383027,3668,3021,142777141,13608
30,2201070330,117974,104361,2544631,19352079,393884,102427822,8656935,142502,14220,2375905195,242264
30,2201080330,30117,26641,56455,1200364,67399,26777829,2136162,50841,3636,407195341,46805
30,2230001000,141,130,823,7551,430,53132,3323,26,3,1511321,237
30,2230060000,355,325,519,3290,153,9158,828,17,113,537925,100
30,2230060110,27483,25287,35114,151860,5579,65619,16216,468,3410,19857405,5379
30,2230060210,448441,412561,637493,2715408,100494,1156120,278659,7806,57987,358245098,94567
30,2230070270,207086,190520,381237,2523554,62257,878199,137137,3157,88318,219290846,21807
30,2230071110,335933,309056,769693,3251305,120415,957637,155372,5914,89391,430780257,61326
30,2230071210,807094,742527,1747987,8790293,293241,2445901,368657,13972,271558,1042562742,120345
30,2230075110,10837,9969,16357,96328,4547,305700,27185,488,2955,16002998,3108
31,2201001000,39885,35278,656599,5571025,133307,38164780,3378770,56129,4807,803909389,64619
31,2201020000,1307,1156,25157,201067,4645,1332211,108370,1670,154,28033236,3115
31,2201040230,210,188,1450,13909,663,130090,8480,154,25,3993397,249
31,2201040330,3117,2756,26117,251962,11915,2578471,162808,2585,377,71771743,5845
31,2201070270,8050,7116,14247,182794,8145,2326773,132899,1221,970,49111678,4515
31,2201070330,38086,33691,741588,5790013,135126,37582263,3027896,47454,4593,815213067,80311
31,2201080330,9942,8796,15113,321416,22440,8917266,741333,16931,1199,135568488,15583
31,2230001000,45,43,259,2392,149,19945,1115,8,0,520032,76
31,2230060000,115,106,165,1048,50,3446,280,0,38,184892,33
31,2230060110,9153,8418,10075,43567,1933,21851,5388,156,1135,6889077,1788
31,2230060210,149333,137386,182965,779353,34826,384996,92398,2597,19311,124181338,31382
31,2230070270,68961,63446,109337,723749,21425,292449,45613,1051,29410,75482348,7236
31,2230071110,111866,102918,220746,932467,41495,318899,51750,1969,29769,148474571,20391
31,2230071210,268769,247267,501317,2521035,100983,814506,123010,4652,90430,359089630,40052
31,2230075110,3609,3323,5184,30668,1562,114662,9225,162,985,5500865,1062
32,2201001000,59129,52306,847952,7115874,151095,43792950,4363829,67860,7126,934064116,96982
32,2201020000,1953,1725,32885,262542,5277,1575579,141079,2016,234,32631174,4646
32,2201040230,313,275,2227,21109,736,157673,9476,187,38,4554488,314
32,2201040330,4590,4060,39996,377929,13232,3128605,182964,3123,554,82018370,7447
32,2201070270,12489,11045,21879,278432,9186,2817204,147986,1479,1504,56663214,5589
32,2201070330,56888,50325,971340,7587929,153459,44891052,3998143,57374,6858,948178168,122699
32,2201080330,12781,11305,23317,495944,27147,10787729,853057,20468,1545,164021767,18889
32,2230001000,58,52,315,2885,168,18310,1361,12,0,600490,102
32,2230060000,141,131,190,1203,57,3145,339,0,43,213755,42
32,2230060110,11064,10179,14392,62237,2140,26419,6604,188,1373,7841084,2182
32,2230060210,180545,166102,261259,1112828,38608,465466,114511,3141,23347,141568837,38597
32,2230070270,83376,76706,156250,1034284,24120,353573,55777,1269,35557,86921778,8913
32,2230071110,135249,124428,315461,1332555,46574,385557,63132,2379,35990,170596320,24836
32,2230071210,324945,298949,716418,3602725,113510,984747,148776,5625,109330,412966085,48575
32,2230075110,4362,4016,5993,35323,1764,105482,11031,196,1189,6357488,1282
